code,name,type,entry_date,entry_price,status,exit_date,exit_price,return_pct
2502,アサヒグループホールディングス,SELL,2026-09-15,1621.0,closed,2026-10-06,1583.5,2.31
2503,キリンホールディングス,SELL,2026-09-15,2831.0,closed,2026-10-06,2815.0,0.57
2871,ニチレイ,BUY,2026-09-15,2189.5,closed,2026-10-06,2097.5,-4.2
3086,J.フロント リテイリング,SELL,2026-09-15,2633.5,closed,2026-10-06,2616.5,0.65
3092,ZOZO,SELL,2026-09-15,1155.0,closed,2026-10-06,1094.0,5.28
4502,武田薬品工業,SELL,2026-09-15,5876.0,closed,2026-10-06,5635.0,4.1
4902,コニカミノルタ,SELL,2026-09-15,623.5,closed,2026-09-25,673.5,-8.02
5019,出光興産,BUY,2026-09-15,1591.5,closed,2026-10-06,1524.0,-4.24
5706,三井金属,SELL,2026-09-15,22950.0,closed,2026-09-29,2308.0,89.94
5714,DOWAホールディングス,SELL,2026-09-15,8918.0,closed,2026-10-06,8760.0,1.77
6753,シャープ,BUY,2026-09-15,668.8,closed,2026-10-06,653.0,-2.36
7004,カナデビア,SELL,2026-09-15,1161.0,closed,2026-10-06,1162.0,-0.09
7186,横浜フィナンシャルグループ,SELL,2026-09-15,1898.0,closed,2026-10-06,1893.5,0.24
7272,ヤマハ発動機,SELL,2026-09-15,1754.0,closed,2026-10-06,1805.0,-2.91
8233,高島屋,SELL,2026-09-15,2098.0,closed,2026-10-06,2111.0,-0.62
8630,SOMPOホールディングス,SELL,2026-09-15,6826.0,closed,2026-10-06,6612.0,3.14
9432,NTT,SELL,2026-09-15,178.1,closed,2026-10-06,169.4,4.88
1801,大成建設,SELL,2026-09-16,12595.0,closed,2026-10-07,12000.0,4.72
2768,双日,SELL,2026-09-16,5819.0,closed,2026-10-07,5540.0,4.79
4661,オリエンタルランド,BUY,2026-09-16,3005.0,closed,2026-10-07,2850.5,-5.14
9107,川崎汽船,SELL,2026-09-16,3481.0,closed,2026-10-07,3273.0,5.98
1721,コムシスホールディングス,SELL,2026-09-16,5494.0,closed,2026-10-07,5611.0,-2.13
4568,第一三共,BUY,2026-09-16,2809.0,closed,2026-10-07,2754.0,-1.96
5406,神戸製鋼所,SELL,2026-09-16,2049.5,closed,2026-10-07,2025.5,1.17
5411,JFEホールディングス,SELL,2026-09-16,1859.5,closed,2026-10-07,1723.0,7.34
5214,日本電気硝子,SELL,2026-09-16,4783.0,closed,2026-10-05,5166.0,-8.01
6501,日立製作所,SELL,2026-09-16,5397.0,closed,2026-10-07,5658.0,-4.84
4385,メルカリ,BUY,2026-09-16,3637.0,closed,2026-10-07,3553.0,-2.31
6902,デンソー,BUY,2026-09-16,1915.0,closed,2026-10-07,1848.5,-3.47
2269,明治ホールディングス,BUY,2026-09-16,4310.0,closed,2026-10-07,4141.0,-3.92
6526,ソシオネクスト,SELL,2026-09-16,1904.5,closed,2026-09-24,2199.0,-15.46
7211,三菱自動車,BUY,2026-09-16,360.2,closed,2026-10-07,348.9,-3.14
9001,東武鉄道,BUY,2026-09-16,2985.5,closed,2026-10-07,2779.5,-6.9
2802,味の素,SELL,2026-09-16,4867.0,closed,2026-10-01,5281.0,-8.51
4452,花王,BUY,2026-09-16,3424.0,closed,2026-10-07,3483.0,1.72
5108,ブリヂストン,BUY,2026-09-16,3699.0,closed,2026-10-07,3816.0,3.16
1332,ニッスイ,BUY,2026-09-16,1189.5,closed,2026-10-05,1093.0,-8.11
1802,大林組,BUY,2026-09-16,3072.0,closed,2026-10-07,2937.0,-4.39
1803,清水建設,BUY,2026-09-16,2374.0,closed,2026-09-29,2143.0,-9.73
1812,鹿島,BUY,2026-09-16,4951.0,closed,2026-10-07,4792.0,-3.21
1925,大和ハウス工業,BUY,2026-09-16,4567.0,closed,2026-09-29,2270.5,-50.28
2002,日清製粉グループ本社,BUY,2026-09-16,2056.5,closed,2026-10-07,1957.5,-4.81
2914,JT,BUY,2026-09-16,6781.0,closed,2026-10-07,6933.0,2.24
3099,三越伊勢丹ホールディングス,SELL,2026-09-16,3279.0,closed,2026-09-29,1669.0,49.1
3289,東急不動産ホールディングス,BUY,2026-09-16,1283.5,closed,2026-10-06,1180.0,-8.06
3405,クラレ,SELL,2026-09-16,1823.5,closed,2026-10-07,1823.0,0.03
3407,旭化成,SELL,2026-09-16,1592.0,closed,2026-10-07,1669.0,-4.84
4021,日産化学,SELL,2026-09-16,8174.0,closed,2026-10-06,8840.0,-8.15
4061,デンカ,SELL,2026-09-16,3357.0,closed,2026-10-07,3334.0,0.69
4188,三菱ケミカルグループ,SELL,2026-09-16,1202.0,closed,2026-10-07,1181.5,1.71
5201,AGC,SELL,2026-09-16,5614.0,closed,2026-10-07,5927.0,-5.58
6103,オークマ,SELL,2026-09-16,4450.0,closed,2026-10-01,4820.0,-8.31
6178,日本郵政,BUY,2026-09-16,2507.5,closed,2026-10-07,2492.0,-0.62
6302,住友重機械工業,SELL,2026-09-16,5728.0,closed,2026-10-02,6238.0,-8.9
6724,セイコーエプソン,SELL,2026-09-16,3170.0,closed,2026-10-07,3355.0,-5.84
6952,カシオ計算機,SELL,2026-09-16,2152.0,closed,2026-10-07,2280.0,-5.95
6988,日東電工,SELL,2026-09-16,3348.0,closed,2026-10-06,3626.0,-8.3
7269,スズキ,SELL,2026-09-16,2035.0,closed,2026-10-07,1990.5,2.19
7731,ニコン,SELL,2026-09-16,1739.5,closed,2026-09-25,1882.5,-8.22
7741,HOYA,SELL,2026-09-16,22425.0,closed,2026-10-01,24260.0,-8.18
7762,シチズン時計,SELL,2026-09-16,2275.0,closed,2026-10-05,2460.0,-8.13
7951,ヤマハ,SELL,2026-09-16,1264.0,closed,2026-10-07,1212.5,4.07
7974,任天堂,BUY,2026-09-16,8104.0,closed,2026-10-07,7827.0,-3.42
8002,丸紅,BUY,2026-09-16,4992.0,closed,2026-10-07,4822.0,-3.41
8035,東京エレクトロン,SELL,2026-09-16,51610.0,closed,2026-09-25,55850.0,-8.22
8053,住友商事,BUY,2026-09-16,1777.0,closed,2026-10-07,1746.0,-1.74
8308,りそなホールディングス,BUY,2026-09-16,2453.5,closed,2026-10-07,2614.0,6.54
8309,三井住友トラストグループ,BUY,2026-09-16,1779.0,closed,2026-10-07,1789.5,0.59
8601,大和証券グループ本社,BUY,2026-09-16,1828.0,closed,2026-10-07,1780.5,-2.6
8604,野村ホールディングス,BUY,2026-09-16,1636.5,closed,2026-10-02,1504.5,-8.07
8795,T&Dホールディングス,BUY,2026-09-16,4972.0,closed,2026-10-07,4892.0,-1.61
8801,三井不動産,BUY,2026-09-16,1468.5,closed,2026-10-07,1420.0,-3.3
9020,東日本旅客鉄道,BUY,2026-09-16,3505.0,closed,2026-10-07,3311.0,-5.53
9022,東海旅客鉄道,BUY,2026-09-16,3801.0,closed,2026-10-07,3603.0,-5.21
9147,NIPPON EXPRESSホールディングス,SELL,2026-09-16,5498.0,closed,2026-10-07,5738.0,-4.37
9301,三菱倉庫,BUY,2026-09-16,1538.5,closed,2026-10-07,1461.0,-5.04
9501,東京電力ホールディングス,SELL,2026-09-16,544.0,closed,2026-10-07,519.3,4.54
9502,中部電力,BUY,2026-09-16,2930.5,closed,2026-09-29,2695.5,-8.02
9503,関西電力,BUY,2026-09-16,2933.5,closed,2026-09-29,2686.0,-8.44
9531,東京ガス,BUY,2026-09-16,6401.0,closed,2026-10-07,6085.0,-4.94
9766,コナミグループ,SELL,2026-09-16,20720.0,closed,2026-10-02,22385.0,-8.04
9983,ファーストリテイリング,SELL,2026-09-16,67380.0,closed,2026-10-01,72790.0,-8.03
6504,富士電機,SELL,2026-09-17,13010.0,closed,2026-09-30,14055.0,-8.03
8252,丸井グループ,SELL,2026-09-17,2917.0,closed,2026-10-08,2771.0,5.01
3861,王子ホールディングス,BUY,2026-09-17,882.3,closed,2026-10-08,830.0,-5.93
4755,楽天グループ,BUY,2026-09-17,715.8,closed,2026-10-02,658.0,-8.07
2501,サッポロホールディングス,SELL,2026-09-17,1903.5,closed,2026-10-08,1846.5,2.99
4689,LINEヤフー,BUY,2026-09-17,553.4,closed,2026-09-25,507.8,-8.24
6762,TDK,BUY,2026-09-17,2814.0,closed,2026-10-01,3103.0,10.27
5631,日本製鋼所,BUY,2026-09-17,7469.0,closed,2026-10-08,7281.0,-2.52
6471,日本精工,BUY,2026-09-17,1072.0,closed,2026-10-08,1119.0,4.38
8830,住友不動産,SELL,2026-09-17,3237.0,closed,2026-10-08,3092.0,4.48
1808,長谷工コーポレーション,SELL,2026-09-17,2777.0,closed,2026-10-08,2576.0,7.24
2413,エムスリー,SELL,2026-09-17,1787.0,closed,2026-10-08,1840.5,-2.99
2801,キッコーマン,SELL,2026-09-17,1680.0,closed,2026-10-08,1743.5,-3.78
3401,帝人,SELL,2026-09-17,1734.5,closed,2026-10-08,1644.5,5.19
4151,協和キリン,SELL,2026-09-17,2263.0,closed,2026-10-08,2217.5,2.01
4507,塩野義製薬,SELL,2026-09-17,2981.5,closed,2026-10-05,2661.5,10.73
4578,大塚ホールディングス,SELL,2026-09-17,11290.0,closed,2026-10-08,11505.0,-1.9
5101,横浜ゴム,BUY,2026-09-17,6818.0,closed,2026-10-08,7362.0,7.98
6273,SMC,BUY,2026-09-17,66370.0,closed,2026-10-01,73050.0,10.06
6305,日立建機,BUY,2026-09-17,5677.0,closed,2026-10-08,5822.0,2.55
6971,京セラ,BUY,2026-09-17,3556.0,closed,2026-10-08,3806.0,7.03
7751,キヤノン,SELL,2026-09-17,4524.0,closed,2026-10-08,4618.0,-2.08
8001,伊藤忠商事,BUY,2026-09-17,2359.0,closed,2026-09-29,2166.0,-8.18
9007,小田急電鉄,SELL,2026-09-17,1847.5,closed,2026-10-08,1706.5,7.63
9008,京王電鉄,SELL,2026-09-17,804.1,closed,2026-10-08,749.8,6.75
9602,東宝,BUY,2026-09-17,1616.0,closed,2026-10-08,1522.5,-5.79
9735,セコム,SELL,2026-09-17,6508.0,closed,2026-10-08,6234.0,4.21
9843,ニトリホールディングス,SELL,2026-09-17,3122.0,closed,2026-10-08,3142.0,-0.64
3436,SUMCO,BUY,2026-09-17,2857.0,closed,2026-09-24,3168.0,10.89
4503,アステラス製薬,SELL,2026-09-17,2358.0,closed,2026-10-08,2255.0,4.37
6326,クボタ,SELL,2026-09-17,2774.5,closed,2026-10-08,2795.0,-0.74
7012,川崎重工業,BUY,2026-09-17,2420.0,closed,2026-10-08,2378.5,-1.71
7013,IHI,BUY,2026-09-17,2843.0,closed,2026-10-08,2695.5,-5.19
7267,ホンダ,BUY,2026-09-17,1701.5,closed,2026-10-08,1676.5,-1.47
7270,SUBARU,SELL,2026-09-17,2684.0,closed,2026-10-08,2542.0,5.29
8802,三菱地所,SELL,2026-09-17,3685.0,closed,2026-10-08,3483.0,5.48
4324,電通グループ,BUY,2026-09-18,3575.0,open,,,
5301,東海カーボン,SELL,2026-09-18,2129.5,closed,2026-09-25,2308.5,-8.41
7735,SCREENホールディングス,SELL,2026-09-18,12590.0,closed,2026-09-25,13645.0,-8.38
7733,オリンパス,BUY,2026-09-18,1983.0,open,,,
8306,三菱UFJフィナンシャル・グループ,BUY,2026-09-18,3594.0,open,,,
8316,三井住友フィナンシャルグループ,BUY,2026-09-18,6724.0,closed,2026-09-29,3492.0,-48.07
9021,西日本旅客鉄道,BUY,2026-09-18,3049.0,open,,,
4911,資生堂,SELL,2026-09-18,3580.0,closed,2026-10-06,3217.0,10.14
9005,東急,BUY,2026-09-18,1665.5,open,,,
1605,INPEX,BUY,2026-09-18,3910.0,closed,2026-10-08,3554.0,-9.1
3659,ネクソン,BUY,2026-09-18,3160.0,closed,2026-09-29,2673.5,-15.4
4042,東ソー,BUY,2026-09-18,2612.5,open,,,
4523,エーザイ,BUY,2026-09-18,4947.0,open,,,
5020,ENEOSホールディングス,BUY,2026-09-18,1438.0,closed,2026-10-08,1321.5,-8.1
5711,三菱マテリアル,BUY,2026-09-18,5179.0,open,,,
6472,NTN,BUY,2026-09-18,384.4,open,,,
6701,NEC,BUY,2026-09-18,4860.0,open,,,
6702,富士通,BUY,2026-09-18,3968.0,open,,,
6770,アルプスアルパイン,BUY,2026-09-18,2219.0,open,,,
7201,日産自動車,BUY,2026-09-18,313.1,closed,2026-10-02,287.5,-8.18
7752,リコー,BUY,2026-09-18,1669.0,open,,,
8725,MS&ADインシュアランスグループホールディングス,BUY,2026-09-18,5234.0,closed,2026-10-01,4815.0,-8.01
9009,京成電鉄,BUY,2026-09-18,1375.5,closed,2026-10-08,1265.0,-8.03
9104,商船三井,BUY,2026-09-18,7272.0,open,,,
6367,ダイキン工業,BUY,2026-09-24,20780.0,open,,,
8267,イオン,BUY,2026-09-24,1304.5,closed,2026-10-08,1199.0,-8.09
1928,積水ハウス,BUY,2026-09-24,3343.0,open,,,
7202,いすゞ自動車,BUY,2026-09-24,2199.5,closed,2026-10-02,2023.5,-8.0
8804,東京建物,BUY,2026-09-24,3308.0,open,,,
9064,ヤマトホールディングス,SELL,2026-09-24,2005.5,open,,,
9532,大阪ガス,BUY,2026-09-24,5798.0,open,,,
2282,日本ハム,BUY,2026-09-24,6018.0,closed,2026-09-29,2015.3,-66.51
4005,住友化学,BUY,2026-09-24,588.2,open,,,
4183,三井化学,BUY,2026-09-24,2160.5,open,,,
4519,中外製薬,BUY,2026-09-24,6616.0,closed,2026-09-29,6086.0,-8.01
4751,サイバーエージェント,BUY,2026-09-24,1246.5,open,,,
5713,住友金属鉱山,BUY,2026-09-24,9566.0,open,,,
6098,リクルートホールディングス,BUY,2026-09-24,16155.0,open,,,
6301,コマツ,SELL,2026-09-24,7198.0,closed,2026-10-05,7799.0,-8.35
6361,荏原,BUY,2026-09-24,4536.0,open,,,
6526,ソシオネクスト,SELL,2026-09-24,2293.5,open,,,
6594,ニデック,BUY,2026-09-24,2809.0,closed,2026-09-28,2358.0,-16.06
7261,マツダ,BUY,2026-09-24,1158.5,open,,,
7832,バンダイナムコホールディングス,BUY,2026-09-24,5453.0,open,,,
8015,豊田通商,BUY,2026-09-24,7397.0,open,,,
8253,クレディセゾン,BUY,2026-09-24,4579.0,closed,2026-10-08,4194.0,-8.41
8750,第一生命ホールディングス,BUY,2026-09-24,1879.5,open,,,
9101,日本郵船,BUY,2026-09-24,7281.0,open,,,
9433,KDDI,BUY,2026-09-24,3036.0,open,,,
9434,ソフトバンク,SELL,2026-09-24,247.5,open,,,
5801,古河電気工業,BUY,2026-09-25,3790.0,closed,2026-10-02,4231.0,11.64
8331,千葉銀行,SELL,2026-09-25,2790.5,open,,,
8354,ふくおかフィナンシャルグループ,SELL,2026-09-25,7847.0,open,,,
8411,みずほフィナンシャルグループ,SELL,2026-09-25,8532.0,open,,,
6861,キーエンス,SELL,2026-09-25,78970.0,open,,,
4901,富士フイルムホールディングス,SELL,2026-09-25,3420.0,open,,,
5233,太平洋セメント,BUY,2026-09-25,4146.0,open,,,
5802,住友電気工業,SELL,2026-09-25,2205.5,closed,2026-10-02,2416.5,-9.57
6146,ディスコ,BUY,2026-09-25,54300.0,closed,2026-10-01,59790.0,10.11
6473,ジェイテクト,SELL,2026-09-25,2119.0,open,,,
6758,ソニーグループ,BUY,2026-09-25,3716.0,open,,,
7011,三菱重工業,BUY,2026-09-25,3945.0,open,,,
7203,トヨタ自動車,BUY,2026-09-25,2988.5,open,,,
7453,良品計画,SELL,2026-09-25,4036.0,closed,2026-10-06,4365.0,-8.15
8697,日本取引所グループ,SELL,2026-09-25,2357.0,open,,,
2432,ディー・エヌ・エー,BUY,2026-09-25,2544.5,open,,,
4043,トクヤマ,BUY,2026-09-25,4222.0,open,,,
4506,住友ファーマ,BUY,2026-09-25,1594.5,open,,,
5401,日本製鉄,BUY,2026-09-25,684.3,closed,2026-10-08,628.6,-8.14
6479,ミネベアミツミ,SELL,2026-09-25,3604.0,closed,2026-10-05,3978.0,-10.38
6723,ルネサスエレクトロニクス,SELL,2026-09-25,3485.0,closed,2026-10-05,3775.0,-8.32
8035,東京エレクトロン,SELL,2026-09-25,56480.0,closed,2026-09-29,11322.0,79.95
9201,日本航空,BUY,2026-09-25,3093.0,open,,,
3436,SUMCO,BUY,2026-09-28,3066.0,closed,2026-10-01,3376.0,10.11
7735,SCREENホールディングス,SELL,2026-09-28,14325.0,closed,2026-10-01,15485.0,-8.1
9984,ソフトバンクグループ,SELL,2026-09-28,6325.0,open,,,
6594,ニデック,BUY,2026-09-28,2347.0,closed,2026-10-01,1948.0,-17.0
4208,UBE,BUY,2026-09-28,3456.0,open,,,
5301,東海カーボン,BUY,2026-09-28,2240.0,open,,,
3402,東レ,BUY,2026-09-28,1258.5,open,,,
4004,レゾナック・ホールディングス,BUY,2026-09-28,14725.0,closed,2026-10-02,16275.0,10.53
4063,信越化学工業,BUY,2026-09-28,5835.0,open,,,
4307,野村総合研究所,BUY,2026-09-28,5021.0,open,,,
4689,LINEヤフー,SELL,2026-09-28,517.6,open,,,
4902,コニカミノルタ,BUY,2026-09-28,668.9,open,,,
5332,TOTO,BUY,2026-09-28,5899.0,open,,,
5803,フジクラ,BUY,2026-09-28,4969.0,closed,2026-10-02,5572.0,12.14
6506,安川電機,BUY,2026-09-28,4484.0,closed,2026-10-06,4939.0,10.15
6645,オムロン,BUY,2026-09-28,6335.0,open,,,
6752,パナソニックホールディングス,BUY,2026-09-28,4495.0,open,,,
6857,アドバンテスト,BUY,2026-09-28,34030.0,closed,2026-10-02,38680.0,13.66
7911,TOPPANホールディングス,BUY,2026-09-28,4891.0,closed,2026-09-29,2424.0,-50.44
5333,日本ガイシ,BUY,2026-09-28,5412.0,closed,2026-10-06,5954.0,10.01
6674,ジーエス・ユアサ コーポレーション,BUY,2026-09-28,5401.0,open,,,
7912,大日本印刷,BUY,2026-09-28,2986.0,open,,,
8058,三菱商事,BUY,2026-09-28,4822.0,open,,,
8316,三井住友フィナンシャルグループ,BUY,2026-09-29,3412.0,open,,,
8766,東京海上ホールディングス,BUY,2026-09-29,529.7,open,,,
6113,アマダ,SELL,2026-09-29,2485.0,closed,2026-10-05,2686.0,-8.09
8031,三井物産,BUY,2026-09-29,4858.0,open,,,
8304,あおぞら銀行,SELL,2026-09-29,3480.0,open,,,
8591,オリックス,BUY,2026-09-29,5892.0,open,,,
9202,ANAホールディングス,BUY,2026-09-29,2964.5,open,,,
1803,清水建設,BUY,2026-09-29,2096.5,open,,,
5706,三井金属,SELL,2026-09-29,2275.0,closed,2026-10-01,2457.0,-8.0
6954,ファナック,SELL,2026-09-29,5913.0,open,,,
7911,TOPPANホールディングス,SELL,2026-09-29,2344.5,open,,,
9503,関西電力,SELL,2026-09-29,2653.0,open,,,
3099,三越伊勢丹ホールディングス,BUY,2026-09-30,1598.0,open,,,
6920,レーザーテック,SELL,2026-09-30,42340.0,closed,2026-10-01,45770.0,-8.1
6976,太陽誘電,SELL,2026-09-30,9711.0,closed,2026-10-05,10510.0,-8.23
6981,村田製作所,SELL,2026-09-30,8126.0,closed,2026-10-05,8800.0,-8.29
7731,ニコン,SELL,2026-09-30,1929.0,open,,,
8001,伊藤忠商事,SELL,2026-09-30,2192.5,open,,,
8035,東京エレクトロン,SELL,2026-09-30,11855.0,closed,2026-10-06,12830.0,-8.22
4543,テルモ,SELL,2026-09-30,2300.5,open,,,
2282,日本ハム,SELL,2026-09-30,1990.0,open,,,
5831,しずおかフィナンシャルグループ,SELL,2026-09-30,3647.0,open,,,
8725,MS&ADインシュアランスグループホールディングス,SELL,2026-10-01,4861.0,open,,,
9502,中部電力,SELL,2026-10-01,2648.5,open,,,
6762,TDK,SELL,2026-10-01,3194.0,closed,2026-10-05,3481.0,-8.99
2802,味の素,SELL,2026-10-01,5280.0,open,,,
3659,ネクソン,BUY,2026-10-01,2653.0,open,,,
7741,HOYA,SELL,2026-10-01,24300.0,open,,,
3382,セブン&アイ・ホールディングス,BUY,2026-10-02,1974.5,open,,,
3436,SUMCO,SELL,2026-10-02,3512.0,open,,,
4519,中外製薬,BUY,2026-10-02,6010.0,open,,,
6920,レーザーテック,SELL,2026-10-02,47050.0,open,,,
1963,日揮ホールディングス,BUY,2026-10-02,2230.5,open,,,
6504,富士電機,SELL,2026-10-02,14650.0,open,,,
8604,野村ホールディングス,BUY,2026-10-02,1502.0,open,,,
9983,ファーストリテイリング,SELL,2026-10-02,71560.0,open,,,
7201,日産自動車,BUY,2026-10-05,279.8,open,,,
6841,横河電機,SELL,2026-10-05,4787.0,open,,,
4704,トレンドマイクロ,SELL,2026-10-05,6775.0,closed,2026-10-08,7317.0,-8.0
6103,オークマ,SELL,2026-10-05,4935.0,open,,,
6479,ミネベアミツミ,BUY,2026-10-05,3937.0,open,,,
6723,ルネサスエレクトロニクス,SELL,2026-10-05,3848.0,open,,,
7735,SCREENホールディングス,SELL,2026-10-05,15710.0,open,,,
7762,シチズン時計,BUY,2026-10-05,2459.0,open,,,
4507,塩野義製薬,BUY,2026-10-05,2661.5,open,,,
5802,住友電気工業,SELL,2026-10-06,2494.5,open,,,
4755,楽天グループ,SELL,2026-10-06,667.2,open,,,
5706,三井金属,SELL,2026-10-06,2763.5,open,,,
2871,ニチレイ,SELL,2026-10-06,2092.0,open,,,
5803,フジクラ,SELL,2026-10-06,5803.0,open,,,
6301,コマツ,SELL,2026-10-06,7766.0,open,,,
7202,いすゞ自動車,SELL,2026-10-06,2066.0,open,,,
8630,SOMPOホールディングス,SELL,2026-10-06,6659.0,open,,,
3086,J.フロント リテイリング,SELL,2026-10-06,2661.5,open,,,
6146,ディスコ,SELL,2026-10-06,64650.0,open,,,
8233,高島屋,SELL,2026-10-06,2151.5,open,,,
4502,武田薬品工業,SELL,2026-10-06,5743.0,open,,,
6273,SMC,SELL,2026-10-06,75940.0,open,,,
8035,東京エレクトロン,SELL,2026-10-06,12905.0,open,,,
9766,コナミグループ,SELL,2026-10-06,22225.0,open,,,
1802,大林組,SELL,2026-10-07,2978.5,open,,,
2914,JT,SELL,2026-10-07,6988.0,open,,,
2502,アサヒグループホールディングス,BUY,2026-10-07,1572.0,open,,,
2503,キリンホールディングス,BUY,2026-10-07,2737.0,open,,,
1721,コムシスホールディングス,BUY,2026-10-07,5655.0,open,,,
3289,東急不動産ホールディングス,BUY,2026-10-07,1192.5,open,,,
4021,日産化学,BUY,2026-10-07,9018.0,open,,,
4188,三菱ケミカルグループ,BUY,2026-10-07,1189.5,open,,,
4661,オリエンタルランド,SELL,2026-10-07,2869.0,open,,,
6178,日本郵政,BUY,2026-10-07,2455.5,open,,,
6988,日東電工,BUY,2026-10-07,3580.0,open,,,
7186,横浜フィナンシャルグループ,BUY,2026-10-07,1892.5,open,,,
8002,丸紅,BUY,2026-10-07,4824.0,open,,,
8308,りそなホールディングス,BUY,2026-10-07,2520.5,open,,,
8309,三井住友トラストグループ,BUY,2026-10-07,1764.0,open,,,
8601,大和証券グループ本社,BUY,2026-10-07,1773.0,open,,,
8795,T&Dホールディングス,BUY,2026-10-07,4886.0,open,,,
8801,三井不動産,BUY,2026-10-07,1423.5,open,,,
9020,東日本旅客鉄道,SELL,2026-10-07,3317.0,open,,,
9301,三菱倉庫,BUY,2026-10-07,1446.5,open,,,
9501,東京電力ホールディングス,BUY,2026-10-07,517.5,open,,,
5019,出光興産,BUY,2026-10-07,1554.5,open,,,
8053,住友商事,BUY,2026-10-07,1718.0,open,,,
1801,大成建設,BUY,2026-10-07,12110.0,open,,,
2768,双日,BUY,2026-10-07,5474.0,open,,,
3407,旭化成,BUY,2026-10-07,1667.5,open,,,
4452,花王,BUY,2026-10-07,3506.0,open,,,
5214,日本電気硝子,SELL,2026-10-07,5340.0,open,,,
7004,カナデビア,BUY,2026-10-07,1162.0,open,,,
7211,三菱自動車,BUY,2026-10-07,342.0,open,,,
7453,良品計画,BUY,2026-10-07,4375.0,open,,,
9001,東武鉄道,BUY,2026-10-07,2757.0,open,,,
9022,東海旅客鉄道,SELL,2026-10-07,3614.0,open,,,
9147,NIPPON EXPRESSホールディングス,BUY,2026-10-07,5576.0,open,,,
9531,東京ガス,BUY,2026-10-07,6045.0,open,,,
6753,シャープ,BUY,2026-10-08,620.4,open,,,
7951,ヤマハ,BUY,2026-10-08,1175.5,open,,,
